{
  "system_paths": [
    "C:\\DEVELOPMENT\\projects\\learnplatfom2\\backend",
    "C:\\Python313\\python313.zip",
    "C:\\Python313\\DLLs",
    "C:\\Python313\\Lib",
    "C:\\Python313",
    "C:\\DEVELOPMENT\\projects\\learnplatfom2\\venv",
    "C:\\DEVELOPMENT\\projects\\learnplatfom2\\venv\\Lib\\site-packages"
  ],
  "env_pythonpath": [],
  "current_working_directory": "C:\\DEVELOPMENT\\projects\\learnplatfom2\\backend",
  "path_analysis": {
    "total_paths": 7,
    "unique_paths": 7,
    "duplicate_paths": 0
  }
}